instance,0,v_num,time,1,v_num,time,2,v_num,time,3,v_num,time,4,v_num,time,5,v_num,time,6,v_num,time,7,v_num,time,8,v_num,time,9,v_num,time,best,average,average_time
 Range_100/ins_050_1.txt,1204.41,19,2.028,1204.41,19,0.541,1204.41,19,3.03,1204.41,19,0.453,1204.41,19,0.766,1204.41,19,3.703,1204.41,19,0.622,1204.41,19,1.148,1204.41,19,1.995,1204.41,19,0.642,1204.41,1204.41,1.49
 Range_100/ins_050_2.txt,1340.44,21,0.418,1340.44,21,0.184,1340.44,21,0.309,1340.44,21,0.2,1340.44,21,0.399,1340.44,21,0.196,1340.44,21,0.368,1340.44,21,1.499,1340.44,21,1.609,1340.44,21,0.337,1340.44,1340.44,0.55
 Range_100/ins_050_3.txt,1316.39,19,0.002,1316.39,19,0.002,1316.39,19,0.209,1316.39,19,0.002,1316.39,19,0.009,1316.39,19,0.518,1316.39,19,0.002,1316.39,19,0.065,1316.39,19,0.019,1316.39,19,0.002,1316.39,1316.39,0.08
 Range_100/ins_100_1.txt,1217.47,19,14.906,1217.47,19,36.046,1217.47,19,35.666,1217.47,19,31.368,1217.47,19,4.6,1217.47,19,16.307,1217.47,19,0.389,1217.47,19,7.101,1217.47,19,60.788,1217.47,19,5.356,1217.47,1217.47,21.25
 Range_100/ins_100_2.txt,1128.4,18,67.86,1128.4,18,789.791,1128.4,18,169.114,1128.4,18,222.287,1128.4,18,908.727,1128.4,18,989.417,1128.4,18,871.787,1128.4,18,171.865,1128.4,18,703.017,1128.4,18,469.511,1128.4,1128.4,536.34
 Range_100/ins_100_3.txt,1253.49,19,109.31,1252.99,20,511.251,1252.99,20,215.446,1252.99,20,716.793,1252.99,20,225.91,1253.49,19,8.128,1252.99,20,589.583,1252.99,20,69.119,1252.99,20,0.605,1252.99,20,12.022,1252.99,1253.09,245.82
 Range_100/ins_200_1.txt,1206.79,18,34.898,1206.79,18,325.229,1206.79,18,62.047,1206.79,18,77.792,1206.79,18,228.01,1206.79,18,28.59,1206.79,18,65.719,1206.79,18,28.745,1206.79,18,289.422,1206.79,18,144.163,1206.79,1206.79,128.46
 Range_100/ins_200_2.txt,1213.24,21,187.578,1213.24,21,217.181,1213.24,21,8.463,1213.24,21,99.898,1213.24,21,21.02,1213.24,21,44.501,1213.24,21,174.294,1213.24,21,79.201,1213.24,21,224.987,1213.24,21,59.926,1213.24,1213.24,111.7
 Range_100/ins_200_3.txt,1247.25,20,67.118,1247.25,20,35.202,1247.25,20,50.603,1247.25,20,97.202,1247.25,20,20.671,1247.25,20,14.418,1247.25,20,28.8,1248.49,21,84.082,1247.25,20,152.734,1247.25,20,160.986,1247.25,1247.37,71.18
 Range_100/ins_300_1.txt,1215.48,23,435.985,1215.48,23,225.651,1215.48,23,158.184,1215.48,23,325.421,1215.48,23,293.538,1215.48,23,170.078,1215.48,23,479.704,1215.48,23,346.026,1215.48,23,484.416,1225.64,21,104.249,1215.48,1216.5,302.33
 Range_100/ins_300_2.txt,1170.85,19,120.37,1170.85,19,204.075,1170.85,19,521.083,1170.85,19,484.561,1170.85,19,555.374,1170.85,19,435.915,1170.85,19,619.534,1170.85,19,180.982,1170.85,19,104.941,1170.85,19,280.38,1170.85,1170.85,350.72
 Range_100/ins_300_3.txt,1247.51,20,787.742,1247.51,20,93.366,1247.51,20,966.997,1247.51,20,177.83,1247.51,20,542.963,1247.51,20,742.794,1257.62,21,372.799,1247.51,20,804.475,1247.51,20,323.229,1257.62,21,238.395,1247.51,1249.53,505.06
 Range_100/ins_400_1.txt,1211.39,21,388.738,1212.27,21,99.323,1217.49,21,396.626,1211.39,21,282.002,1217.49,21,272.217,1211.33,22,538.057,1211.39,21,308.589,1212.27,21,478.913,1217.49,21,584.548,1211.39,21,424.906,1211.33,1213.39,377.39
 Range_100/ins_400_2.txt,1197.66,21,421.435,1199.67,22,705.916,1197.66,21,496.218,1197.66,21,470.536,1197.66,21,276.284,1197.66,21,414.808,1197.66,21,154.85,1197.66,21,539.58,1197.66,21,45.471,1197.66,22,362.626,1197.66,1197.86,388.77
 Range_100/ins_400_3.txt,1257,22,764.166,1247.48,23,753.657,1245.25,24,827.904,1247.37,22,212.745,1245.83,22,139.437,1247.37,22,958.719,1247.62,23,751.953,1245.83,22,654.046,1247.37,22,503.269,1247.48,23,995.406,1245.25,1247.86,656.13
 Range_100/ins_500_1.txt,1198.38,23,993.392,1200.06,21,990.651,1200.06,22,320.417,1198.7,24,719.391,1199.14,22,134.164,1198.51,24,949.931,1207.54,20,67.22,1197.37,23,85.095,1197.37,23,96.732,1205.82,21,151.952,1197.37,1200.3,450.89
 Range_100/ins_500_2.txt,1225.29,22,213.21,1220.68,24,166.306,1226.84,21,824.034,1220.47,25,597.838,1220.47,24,913.901,1223.05,23,574.726,1225.29,22,586.712,1220.64,24,966.373,1225.29,22,810.133,1232.93,22,171.021,1220.47,1224.1,582.43
 Range_100/ins_500_3.txt,1231.81,20,110.883,1231.81,20,269.483,1231.81,20,350.987,1231.81,20,33.931,1253.33,20,436.694,1231.81,20,274.657,1249.74,21,824.413,1231.81,20,210.646,1231.81,20,673.393,1231.81,20,344.559,1231.81,1235.76,352.96
 Range_125/ins_50_1.txt,802.95,10,1.374,802.95,10,1.694,802.95,10,1.608,802.95,10,1.676,802.95,10,1.332,802.95,10,0.521,802.95,10,1.216,802.95,10,1.39,802.95,10,1.873,802.95,10,2.823,802.95,802.95,1.55
 Range_125/ins_50_2.txt,1055.1,12,0.495,1055.1,12,0.54,1055.1,12,0.302,1055.1,12,0.321,1055.1,12,0.707,1055.1,12,0.487,1055.1,12,0.279,1055.1,12,0.171,1055.1,12,0.25,1055.1,12,1.64,1055.1,1055.1,0.52
 Range_125/ins_50_3.txt,877.77,10,0.28,877.77,10,0.003,877.77,10,0.121,877.77,10,0.004,877.77,10,0.342,877.77,10,0.145,877.77,10,0.061,877.77,10,0.442,877.77,10,0.356,877.77,10,0.148,877.77,877.77,0.19
 Range_125/ins_100_1.txt,943.01,12,0.017,943.01,12,55.811,943.01,12,8.429,943.01,12,88.179,943.01,12,0.017,943.01,12,1.287,943.01,12,46.966,943.01,12,9.147,943.01,12,20.121,943.01,12,17.996,943.01,943.01,24.8
 Range_125/ins_100_2.txt,917,13,103.71,917,13,342.002,917,13,247.334,917,13,115.028,917,13,263.871,917,13,78.559,917,13,122.439,917,13,115.569,917,13,317.93,917,13,91.239,917,917,179.77
 Range_125/ins_100_3.txt,998.18,14,24.18,998.18,14,0.273,998.18,14,15.044,998.18,14,11.99,998.18,14,21.466,998.18,14,2.484,998.18,14,5.033,998.18,14,6.394,998.18,14,17.449,998.18,14,15.011,998.18,998.18,11.93
 Range_125/ins_200_1.txt,910.17,14,23.09,910.17,14,213.934,910.17,14,19.833,910.17,14,139.269,910.17,14,128.02,910.17,14,8.567,910.17,14,78.122,910.17,14,11.559,910.17,14,30.926,910.17,14,34.844,910.17,910.17,68.82
 Range_125/ins_200_2.txt,921.76,13,39.785,921.76,13,67.859,921.76,13,57.414,921.76,13,91.301,921.76,13,8.772,921.76,13,9.053,921.76,13,44.935,921.76,13,27.388,921.76,13,20.398,921.76,13,11.267,921.76,921.76,37.82
 Range_125/ins_200_3.txt,939.58,12,73.597,939.58,12,7.874,939.58,12,1.638,939.58,12,39.365,939.58,12,2.336,939.58,12,7.941,939.58,12,5.206,939.58,12,22.862,939.58,12,6.409,939.58,12,15.313,939.58,939.58,18.25
 Range_125/ins_300_1.txt,977.65,16,383.696,977.65,16,300.272,977.66,16,714.501,977.65,16,954.294,977.66,16,240.357,978.52,16,918.358,977.65,16,63.161,977.65,16,170.517,977.65,16,319.914,977.65,16,626.277,977.65,977.74,469.13
 Range_125/ins_300_2.txt,913.01,15,4.7,913.01,15,212.043,913.01,15,42.367,913.01,15,71.218,913.01,15,122.755,913.01,15,57.672,913.01,15,124.254,913.01,15,16.418,913.01,15,40.343,913.01,15,498.199,913.01,913.01,119
 Range_125/ins_300_3.txt,974.78,15,580.31,974.78,15,58.505,974.78,15,49.45,974.78,15,132.74,974.78,15,234.581,974.78,15,79.432,974.78,15,109.155,974.78,15,438.448,974.78,15,604.587,974.85,14,67.33,974.78,974.79,235.45
 Range_125/ins_400_1.txt,965.99,13,48.163,965.99,13,194.977,965.99,13,117.811,965.99,13,124.771,965.99,13,58.31,965.99,13,54.265,965.99,13,14.723,965.99,13,43.685,965.99,13,6.939,965.99,13,59.286,965.99,965.99,72.29
 Range_125/ins_400_2.txt,935.65,17,177.59,941.02,15,102.768,938.54,16,323.791,938.54,16,609.253,941.02,15,82.767,941.02,15,238.378,941.02,15,164.309,941.02,15,472.964,941.02,15,358.833,938.54,16,16.338,935.65,939.74,254.7
 Range_125/ins_400_3.txt,1002.61,13,270.542,1002.61,13,524.86,1002.61,13,7.384,1002.61,13,73.507,1002.61,13,12.715,1002.61,13,68.51,1002.61,13,11.702,1002.61,13,183.017,1002.61,13,9.489,1002.61,13,914.149,1002.61,1002.61,207.59
 Range_125/ins_500_1.txt,963.89,14,462.694,963.89,14,811.362,963.89,14,98.634,963.89,14,533.592,963.89,14,247.612,963.89,14,873.954,963.89,14,23.871,963.89,14,628.428,963.89,14,27.679,963.89,14,792.143,963.89,963.89,450
 Range_125/ins_500_2.txt,949.45,16,260.566,948.91,15,857.739,948.57,16,49.862,948.57,16,284.39,948.91,15,931.836,949.84,16,317.387,948.91,15,941.313,948.91,15,834.234,949.31,16,895.686,950.18,15,811.64,948.57,949.16,618.47
 Range_125/ins_500_3.txt,980.97,19,318.855,980.67,19,96.458,981.26,18,204.197,980.97,19,654.735,981.08,19,135.475,982.02,17,327.925,980.97,19,822.523,981.9,17,850.183,980.67,19,419.23,980.67,19,195.389,980.67,981.12,402.5
 dtp_300_1000_0.txt,148.829695,74,41.292,149.702973,74,967.94,148.950958,74,218.621,148.660338,75,119.326,150.200041,76,793.412,150.064666,75,67.478,149.184384,75,33.876,149.470822,76,572.059,150.862895,77,969.088,150.117917,76,7.415,148.66,149.6,379.05
 dtp_300_1000_1.txt,165.323305,75,274.802,167.456361,73,790.69,168.794985,84,8.405,165.9534,74,62.147,166.117876,80,117.545,164.688798,81,479.387,167.068193,80,109.682,167.774583,81,125.106,166.100282,76,637.593,166.295839,76,597.492,164.69,166.56,320.28
 dtp_300_1000_2.txt,157.368653,75,334.19,155.689896,72,41.549,155.372667,72,277.458,156.797807,74,491.148,155.512223,71,787.57,155.363985,73,251.069,155.957596,75,11.47,155.992539,73,55.369,155.723894,74,244.294,155.905885,73,332.639,155.36,155.97,282.68
 dtp_100_150_0.txt,152.572585,43,0.385,152.572585,43,0.076,152.572585,43,0.136,152.572585,43,0.728,152.572585,43,0.331,152.572585,43,0.793,152.572585,43,0.997,152.572585,43,0.697,152.572585,43,0.346,152.572585,43,0.184,152.57,152.57,0.47
 dtp_100_150_1.txt,192.206634,46,0.902,192.206634,46,10.645,192.206634,46,7.411,192.206634,46,3.064,192.206634,46,5.473,192.206634,46,3.145,192.206634,46,3.719,192.206634,46,1.933,192.206634,46,2.412,192.206634,46,1.933,192.21,192.21,4.06
 dtp_100_150_2.txt,146.34474,42,1.667,146.34474,42,0.829,146.34474,42,2.666,146.34474,42,1.361,146.34474,42,0.47,146.34474,42,1.071,146.34474,42,5.122,146.34474,42,0.385,146.34474,42,0.452,146.34474,42,3.6,146.34,146.34,1.76
 dtp_100_200_0.txt,135.040025,35,6.706,135.040025,35,8.249,135.040025,35,14.513,135.040025,35,18.815,135.040025,35,23.337,135.040025,35,1.015,135.040025,35,23.618,135.040025,35,6.015,135.040025,35,5.76,135.040025,35,13.983,135.04,135.04,12.2
 dtp_100_200_1.txt,91.882645,37,0.136,91.882645,37,0.032,91.882645,37,0.072,91.882645,37,0.062,91.882645,37,0.035,91.882645,37,0.104,91.882645,37,0.076,91.882645,37,0.048,91.882645,37,0.073,91.882645,37,0.044,91.88,91.88,0.07
 dtp_100_200_2.txt,115.933301,39,0.095,115.933301,39,0.041,115.933301,39,0.222,115.933301,39,0.11,115.933301,39,0.027,115.933301,39,0.498,115.933301,39,0.524,115.933301,39,0.041,115.933301,39,0.344,115.933301,39,0.131,115.93,115.93,0.2
 dtp_200_400_0.txt,257.091553,75,27.864,257.091553,75,144.302,257.091553,75,321.905,257.091553,75,7.692,257.091553,75,768.76,257.291306,77,84.777,257.091553,75,526.186,257.091553,75,710.605,257.091553,75,311.421,257.091553,75,108.722,257.09,257.11,301.22
 dtp_200_400_1.txt,258.772614,79,171.69,258.772614,79,39.375,258.772614,79,12.135,258.772614,79,11.703,258.772614,79,68.397,258.772614,79,58.579,258.772614,79,195.56,258.772614,79,196.205,258.772614,79,8.797,258.772614,79,34.138,258.77,258.77,79.66
 dtp_200_400_2.txt,238.270337,79,3.642,238.270337,79,12.149,238.270337,79,8.911,238.270337,79,25.343,238.270337,79,31.558,238.270337,79,42.342,238.270337,79,14.8,238.270337,79,16.098,238.270337,79,2.09,238.270337,79,1.175,238.27,238.27,15.81
 dtp_200_600_0.txt,121.621201,57,22.854,121.621201,57,76.538,121.621201,57,7.895,121.621201,57,169.039,121.621201,57,38.861,121.621201,57,12.58,121.621201,57,13.5,121.621201,57,1.179,121.621201,57,4.464,121.621201,57,13.274,121.62,121.62,36.02
 dtp_200_600_1.txt,135.081236,57,43.89,135.081236,57,13.403,135.081236,57,48.48,135.081236,57,4.97,135.081236,57,1.431,135.081236,57,28.686,135.081236,57,52.607,135.081236,57,52.991,135.081236,57,10.687,135.081236,57,69.06,135.08,135.08,32.62
 dtp_200_600_2.txt,123.306687,51,15.699,123.306687,51,160.182,123.306687,51,51.892,123.306687,51,18.739,123.306687,51,67.467,123.306687,51,19.648,123.306687,51,34.772,123.306687,51,1.574,123.306687,51,20.272,123.306687,51,162.979,123.31,123.31,55.32
 dtp_300_600_0.txt,348.739822,114,231.982,349.814407,110,122.091,348.102356,109,13.259,348.027344,110,17.718,350.246002,111,107.389,349.168137,110,245.708,348.595033,111,634.044,348.027344,110,67.88,348.027344,110,287.658,348.027344,110,79.64,348.03,348.68,180.74
 dtp_300_600_1.txt,415.674349,117,29.922,414.668108,118,637.533,416.207798,115,92.775,415.203584,117,686.852,414.765306,119,874.284,415.994919,120,950.166,416.208285,117,699.485,414.392319,119,538.27,415.852739,117,505.397,413.93416,120,259.304,413.93,415.29,527.4
 dtp_300_600_2.txt,353.087431,108,61.562,352.729309,107,145.752,352.993775,108,284.608,352.729309,107,538.204,352.920653,110,103.371,353.528609,110,365.674,352.728116,110,682.96,352.729309,107,359.932,352.148207,109,440.435,352.228575,108,356.764,352.15,352.78,333.93
 Range_150/ins_50_1.txt,647.75,7,0.036,647.75,7,0.008,647.75,7,0.004,647.75,7,0.008,647.75,7,0.055,647.75,7,0.009,647.75,7,0.052,647.75,7,0.461,647.75,7,0.113,647.75,7,0.02,647.75,647.75,0.08
 Range_150/ins_50_2.txt,863.69,11,664.639,863.69,11,331.291,863.69,11,85.494,863.69,11,403.241,863.69,11,127.359,863.69,11,4.446,863.69,11,688.055,863.69,11,11.012,863.69,11,23.756,863.69,11,235.567,863.69,863.69,257.49
 Range_150/ins_50_3.txt,743.94,8,0.022,743.94,8,0.259,743.94,8,0.958,743.94,8,0.984,743.94,8,0.329,743.94,8,0.389,743.94,8,2.181,743.94,8,0.239,743.94,8,1.647,743.94,8,2.987,743.94,743.94,1
 Range_150/ins_100_1.txt,876.69,10,20.408,876.69,10,0.648,876.69,10,80.51,876.69,10,2.675,876.69,10,4.385,876.69,10,20.056,876.69,10,13.896,876.69,10,2.687,876.69,10,61.137,876.69,10,4.407,876.69,876.69,21.08
 Range_150/ins_100_2.txt,657.35,8,2.206,657.35,8,0.054,657.35,8,0.86,657.35,8,5.226,657.35,8,0.273,657.35,8,0.117,657.35,8,4.462,657.35,8,0.601,657.35,8,5.573,657.35,8,1.607,657.35,657.35,2.1
 Range_150/ins_100_3.txt,722.87,9,0.86,722.87,9,1.067,722.87,9,0.394,722.87,9,0.619,722.87,9,0.329,722.87,9,1.721,722.87,9,0.081,722.87,9,0.613,722.87,9,0.206,722.87,9,0.426,722.87,722.87,0.63
 Range_150/ins_200_1.txt,809.9,10,0.849,809.9,10,37.603,809.9,10,0.763,809.9,10,4.703,809.9,10,2.682,809.9,10,3.555,809.9,10,19.176,809.9,10,10.593,809.9,10,3.742,809.9,10,7.608,809.9,809.9,9.13
 Range_150/ins_200_2.txt,736.23,8,4.821,736.23,8,0.171,736.23,8,0.56,736.23,8,0.263,736.23,8,1.459,736.23,8,1.332,736.23,8,5.216,736.23,8,7.893,736.23,8,13.032,736.23,8,0.195,736.23,736.23,3.49
 Range_150/ins_200_3.txt,792.71,10,17.115,792.71,10,0.204,792.71,10,10.138,792.71,10,17.526,792.71,10,0.936,792.71,10,34.185,792.71,10,20.697,792.71,10,47.084,792.71,10,4.615,792.71,10,6.825,792.71,792.71,15.93
 Range_150/ins_300_1.txt,796.15,11,35.53,796.15,11,7.33,796.15,11,77.239,796.15,11,73.295,796.15,11,197.403,796.15,11,4.553,796.15,11,63.593,796.15,11,54.95,796.15,11,61.65,796.15,11,142.642,796.15,796.15,71.82
 Range_150/ins_300_2.txt,741.02,10,14.948,741.02,10,192.579,741.02,10,26.865,741.02,10,147.406,741.02,10,43.063,741.02,10,4.948,741.02,10,9.915,741.02,10,19.02,741.02,10,64.584,741.02,10,17.019,741.02,741.02,54.03
 Range_150/ins_300_3.txt,819.76,10,112.825,819.76,10,214.061,819.76,10,0.713,819.76,10,31.16,819.76,10,73.237,819.76,10,17.176,819.76,10,13.739,819.76,10,139.38,819.76,10,92.311,819.76,10,106.66,819.76,819.76,80.13
 Range_150/ins_400_1.txt,795.53,11,548.558,795.53,11,436.828,795.53,11,103.878,795.53,11,72.248,795.53,11,6.189,796.7,10,11.851,795.53,11,110.001,795.53,11,363.371,795.53,11,30.075,795.53,11,58.288,795.53,795.65,174.13
 Range_150/ins_400_2.txt,779.63,9,46.767,779.63,9,25.302,779.63,9,82.404,779.63,9,28.005,779.63,9,9.952,779.63,9,50.93,779.63,9,46.392,779.63,9,72.193,779.63,9,35.881,779.63,9,34.201,779.63,779.63,43.2
 Range_150/ins_400_3.txt,814.14,10,104.527,814.14,10,119.661,814.14,10,29.852,814.14,10,48.601,814.14,10,40.708,814.14,10,13.356,814.14,10,90.657,814.14,10,24.226,814.14,10,40.695,814.14,10,49.868,814.14,814.14,56.22
 Range_150/ins_500_1.txt,792.21,11,34.858,792.21,11,343.199,792.21,11,11.747,792.21,11,91.583,792.21,11,811.458,792.21,11,76.645,792.21,11,3.929,792.21,11,199.171,792.21,11,207.733,792.21,11,93.106,792.21,792.21,187.34
 Range_150/ins_500_2.txt,779.35,9,197.828,779.35,9,89.351,779.35,9,40.321,779.35,9,262.784,779.35,9,8.81,779.35,9,26.437,779.35,9,63.08,779.35,9,65.986,779.35,9,54.659,779.35,9,184.302,779.35,779.35,99.36
 Range_150/ins_500_3.txt,808.37,13,527.165,808.37,13,340.533,808.5,12,703.815,808.5,12,666.036,808.5,12,196.074,808.37,13,350.308,808.54,11,269.276,808.54,11,798.61,808.37,13,186.992,808.54,11,733.182,808.37,808.46,477.2
 RangeL/Range100_ins_1000_1.txt,5299.98,86,495.508,5295.77,82,580.52,5248.28,80,643.909,5187.89,78,831.956,5266.66,80,394.48,5336.3,82,379.369,5354.71,89,306.299,5238.57,77,831.75,5334.79,83,461.653,5276.08,83,774.389,5187.89,5283.9,569.98
 RangeL/Range100_ins_1000_2.txt,5245.08,79,994.862,5316.62,82,967.58,5250.09,81,445.303,5382.3,82,935.035,5229.16,86,849.927,5288.21,80,533.002,5317.88,86,775.229,5245.27,82,849.554,5318.23,82,934.112,5197.91,80,934.787,5197.91,5279.08,821.94
 RangeL/Range100_ins_1000_3.txt,5361.31,84,696.231,5301.4,79,770.336,5299.83,82,807.843,5376.52,81,373.324,5328.34,81,619.542,5375.29,84,823.807,5301.83,84,478.242,5366.26,84,333.481,5360.34,78,295.986,5424.63,84,628.065,5299.83,5349.58,582.69
 RangeL/Range100_ins_1500_1.txt,5393.54,82,531.837,5378.83,83,634.132,5352.9,84,625.444,5335.86,88,588.571,5327.53,85,502.426,5251.33,79,680.037,5269.57,84,931.03,5333.68,82,991.056,5348.53,83,734.305,5289.85,80,723.975,5251.33,5328.16,694.28
 RangeL/Range100_ins_1500_2.txt,5348.96,82,779.521,5345.56,85,347.747,5294.88,84,400.844,5268.5,83,923.846,5351.16,82,720.893,5407.58,85,465.586,5288.78,84,547.391,5246.91,85,988.828,5447.75,90,361.612,5323.47,79,756.803,5246.91,5332.36,629.31
 RangeL/Range100_ins_1500_3.txt,5411.84,88,524.67,5494.33,93,315.284,5503.45,87,991.362,5401.69,80,953.363,5434.27,91,415.439,5576.66,88,997.782,5377,84,981.645,5400.05,85,541.459,5630.28,87,386.038,5398.36,81,559.518,5377,5462.79,666.66
 RangeL/Range100_ins_3000_1.txt,5741.01,88,984.197,5698.8,87,994.298,5697.38,95,1000.548,5737.1,99,989.31,5733.02,95,981.694,5731.93,98,992.665,5621.58,91,812.085,5738.83,100,997.618,5745.83,101,989.425,5623.72,92,982.254,5621.58,5706.92,972.41
 RangeL/Range100_ins_3000_2.txt,5732.44,91,956.69,5662.5,88,1000.42,5731.38,94,997.58,5703.7,96,998.471,5635.33,92,985.939,5708.5,95,1000.462,5837.76,92,997.204,5792.36,98,1001.454,5733.25,95,946.615,5530.85,90,1000.942,5530.85,5706.81,988.58
 RangeL/Range100_ins_3000_3.txt,5809.08,90,949.165,5590.78,93,947.841,5765.24,98,950.157,5686.54,93,998.32,5499.46,94,994.915,5609.45,93,999.119,5672.49,94,998.601,5709.92,95,969.723,5708.85,92,980.006,5585.11,96,985.778,5499.46,5663.69,977.36
 RangeL/Range300_ins_1000_1.txt,1631.02,10,493.526,1631.02,10,670.822,1634.88,9,198.977,1646.49,10,107.751,1631.02,10,363.303,1634.94,10,635.254,1634.76,10,730.62,1631.03,10,905.426,1654.97,11,31.657,1634.58,10,857.204,1631.02,1636.47,499.45
 RangeL/Range300_ins_1000_2.txt,1634.11,10,341.179,1637.9,10,289.423,1634.11,10,75.767,1633.6,11,793.789,1634.51,11,790.136,1634.11,10,758.288,1633.6,11,55.845,1633.6,11,243.858,1633.6,11,659.436,1634.11,10,316.78,1633.6,1634.33,432.45
 RangeL/Range300_ins_1000_3.txt,1600.83,11,219.664,1599.42,11,308.263,1605.29,12,202.382,1614.98,10,952.134,1605.48,12,87.487,1600.18,10,379.887,1599.42,10,610.235,1600.18,10,34.166,1600.18,10,68.496,1600.83,11,513.454,1599.42,1602.68,337.62
 RangeL/Range300_ins_1500_1.txt,1605.63,11,129.101,1599.87,10,409.909,1599.87,10,536.313,1604.47,13,422.076,1599.71,11,238.944,1599.87,11,542.309,1600.24,10,717.195,1598.89,11,361.222,1599.87,10,542.947,1606.75,12,523.311,1598.89,1601.52,442.33
 RangeL/Range300_ins_1500_2.txt,1718.71,10,681.422,1680.79,11,593.833,1696.49,11,976.393,1676.94,11,259.146,1677.01,12,736.567,1718.71,10,496.924,1675.36,11,836.196,1683.5,11,219.426,1717.95,12,565.687,1680.02,11,248.407,1675.36,1692.55,561.4
 RangeL/Range300_ins_1500_3.txt,1649.32,11,135.244,1667.83,10,143.887,1667.83,10,692.02,1686.74,11,660.089,1649.49,11,110.634,1668.01,10,515.19,1649.95,12,416.003,1666.42,13,697.778,1683.47,10,166.669,1650.77,12,599.506,1649.32,1663.98,413.7
 RangeL/Range300_ins_3000_1.txt,1729.41,14,893.404,1665.64,12,1002.254,1714.64,14,977.675,1699,12,1000.523,1796.14,12,948.703,1817.6,14,1000.339,1682.65,11,1000.708,1823.17,13,1000.006,1686.62,13,949.795,1723.59,11,986.439,1665.64,1733.85,975.98
 RangeL/Range300_ins_3000_2.txt,1735.46,12,980.475,1679.79,14,992.413,1697.92,12,857.545,1647.59,11,996.403,1808.46,13,998.472,1725.97,13,922.865,1693.59,12,976.521,1758.83,14,1003.405,1673.91,12,979.999,1669.16,14,944.542,1647.59,1709.07,965.26
 RangeL/Range300_ins_3000_3.txt,1656.04,13,966.045,1788.29,14,992.721,1808.45,13,992.643,1782.39,13,869.578,1670.32,11,999.827,1704.12,11,1000.883,1660.4,15,1004.673,1858.29,10,986.259,1699.05,13,1002.879,1737.28,10,985.85,1656.04,1736.46,980.14
 dtp_10_15_0.txt,5.891876,4,0.002,5.891876,4,0,5.891876,4,0,5.891876,4,0,5.891876,4,0,5.891876,4,0,5.891876,4,0,5.891876,4,0,5.891876,4,0,5.891876,4,0,5.89,5.89,0
 dtp_10_15_1.txt,14.423279,5,0,14.423279,5,0,14.423279,5,0,14.423279,5,0,14.423279,5,0,14.423279,5,0,14.423279,5,0,14.423279,5,0,14.423279,5,0,14.423279,5,0,14.42,14.42,0
 dtp_10_15_2.txt,14.350388,4,0,14.350388,4,0,14.350388,4,0,14.350388,4,0,14.350388,4,0,14.350388,4,0,14.350388,4,0,14.350388,4,0,14.350388,4,0,14.350388,4,0,14.35,14.35,0
 dtp_15_20_0.txt,18.874497,6,0,18.874497,6,0,18.874497,6,0,18.874497,6,0,18.874497,6,0,18.874497,6,0,18.874497,6,0,18.874497,6,0,18.874497,6,0,18.874497,6,0,18.87,18.87,0
 dtp_15_20_1.txt,23.029526,6,0,23.029526,6,0,23.029526,6,0,23.029526,6,0,23.029526,6,0,23.029526,6,0,23.029526,6,0,23.029526,6,0,23.029526,6,0,23.029526,6,0,23.03,23.03,0
 dtp_15_20_2.txt,24.948837,6,0,24.948837,6,0.009,24.948837,6,0,24.948837,6,0,24.948837,6,0.012,24.948837,6,0.004,24.948837,6,0,24.948837,6,0,24.948837,6,0,24.948837,6,0,24.95,24.95,0
 dtp_15_30_0.txt,18.196396,5,0,18.196396,5,0,18.196396,5,0,18.196396,5,0,18.196396,5,0,18.196396,5,0,18.196396,5,0,18.196396,5,0,18.196396,5,0,18.196396,5,0,18.2,18.2,0
 dtp_15_30_1.txt,8.317109,4,0.013,8.317109,4,0.013,8.317109,4,0.033,8.317109,4,0,8.317109,4,0,8.317109,4,0.008,8.317109,4,0.016,8.317109,4,0.012,8.317109,4,0.008,8.317109,4,0,8.32,8.32,0.01
 dtp_15_30_2.txt,18.065079,6,0.03,18.065079,6,0.123,18.065079,6,0.004,18.065079,6,0.012,18.065079,6,0.05,18.065079,6,0.012,18.065079,6,0.007,18.065079,6,0.011,18.065079,6,0.046,18.065079,6,0.091,18.07,18.07,0.04
 dtp_20_30_0.txt,33.805649,9,0,33.805649,9,0,33.805649,9,0,33.805649,9,0,33.805649,9,0,33.805649,9,0,33.805649,9,0,33.805649,9,0,33.805649,9,0,33.805649,9,0,33.81,33.81,0
 dtp_20_30_1.txt,36.034943,8,0,36.034943,8,0,36.034943,8,0.07,36.034943,8,0,36.034943,8,0,36.034943,8,0.011,36.034943,8,0.012,36.034943,8,0,36.034943,8,0,36.034943,8,0,36.03,36.03,0.01
 dtp_20_30_2.txt,43.498856,10,0,43.498856,10,0,43.498856,10,0,43.498856,10,0,43.498856,10,0,43.498856,10,0,43.498856,10,0,43.498856,10,0,43.498856,10,0,43.498856,10,0,43.5,43.5,0
 dtp_20_50_0.txt,9.810119,5,0.001,9.810119,5,0,9.810119,5,0,9.810119,5,0,9.810119,5,0,9.810119,5,0,9.810119,5,0,9.810119,5,0,9.810119,5,0,9.810119,5,0,9.81,9.81,0
 dtp_20_50_1.txt,12.186982,6,0,12.186982,6,0,12.186982,6,0.023,12.186982,6,0,12.186982,6,0.019,12.186982,6,0.001,12.186982,6,0.008,12.186982,6,0.031,12.186982,6,0,12.186982,6,0,12.19,12.19,0.01
 dtp_20_50_2.txt,17.423202,6,0,17.423202,6,0.049,17.423202,6,0,17.423202,6,0.07,17.423202,6,0,17.423202,6,0.042,17.423202,6,0.028,17.423202,6,0,17.423202,6,0,17.423202,6,0,17.42,17.42,0.02
